Epoch,Loss,Accuracy
1,0.7936984293559599,0.5448884758364312
2,0.3511582486904584,0.8408457249070632
3,0.06669408593742872,0.9759293680297397
4,0.02504783212386358,0.9911710037174721
5,0.01459416086660125,0.9945631970260222
